[
  {
    "date": "2025-01-01 00:00:00",
    "name": "New Year's Day"
  },
  {
    "date": "2025-01-20 00:00:00",
    "name": "Martin Luther King Jr. Day"
  },
  {
    "date": "2025-02-17 00:00:00",
    "name": "Washington's Birthday"
  },
  {
    "date": "2025-05-26 00:00:00",
    "name": "Memorial Day"
  },
  {
    "date": "2025-06-19 00:00:00",
    "name": "Juneteenth"
  },
  {
    "date": "2025-07-04 00:00:00",
    "name": "Independence Day"
  },
  {
    "date": "2025-09-01 00:00:00",
    "name": "Labor Day"
  },
  {
    "date": "2025-10-13 00:00:00",
    "name": "Columbus Day"
  },
  {
    "date": "2025-11-11 00:00:00",
    "name": "Veterans Day"
  },
  {
    "date": "2025-11-27 00:00:00",
    "name": "Thanksgiving Day"
  },
  {
    "date": "2025-12-25 00:00:00",
    "name": "Christmas Day"
  }
]